iso_year,iso_week,iso_weekstartdate,total_cases,inf_a,inf_b,ab_ratio,month,lag_1,lag_2,lag_4,rolling_4
1999,52,1999-12-27,2,0,2,0,12,0,2,1,1
2000,1,2000-01-03,2,2,0,2,1,2,0,0,1.5
2001,39,2001-09-24,10,9,1,9,9,2,2,2,3.5
2002,1,2001-12-31,0,0,0,0,12,10,2,0,3.5
2002,2,2002-01-07,0,0,0,0,1,0,10,2,3
2002,3,2002-01-14,0,0,0,0,1,0,0,2,2.5
2002,4,2002-01-21,0,0,0,0,1,0,0,10,0
2002,5,2002-01-28,0,0,0,0,1,0,0,0,0
2002,6,2002-02-04,0,0,0,0,2,0,0,0,0
2002,7,2002-02-11,0,0,0,0,2,0,0,0,0
2002,8,2002-02-18,0,0,0,0,2,0,0,0,0
2002,9,2002-02-25,0,0,0,0,2,0,0,0,0
2002,10,2002-03-04,0,0,0,0,3,0,0,0,0
2002,11,2002-03-11,0,0,0,0,3,0,0,0,0
2002,12,2002-03-18,0,0,0,0,3,0,0,0,0
2002,13,2002-03-25,0,0,0,0,3,0,0,0,0
2002,14,2002-04-01,0,0,0,0,4,0,0,0,0
2002,15,2002-04-08,0,0,0,0,4,0,0,0,0
2002,16,2002-04-15,0,0,0,0,4,0,0,0,0
2002,17,2002-04-22,0,0,0,0,4,0,0,0,0
2002,18,2002-04-29,0,0,0,0,4,0,0,0,0
2002,19,2002-05-06,0,0,0,0,5,0,0,0,0
2002,20,2002-05-13,0,0,0,0,5,0,0,0,0
2002,21,2002-05-20,0,0,0,0,5,0,0,0,0
2002,22,2002-05-27,1,1,0,1,5,0,0,0,0.25
2002,23,2002-06-03,0,0,0,0,6,1,0,0,0.25
2002,24,2002-06-10,0,0,0,0,6,0,1,0,0.25
2002,25,2002-06-17,0,0,0,0,6,0,0,0,0.25
2002,26,2002-06-24,1,1,0,1,6,0,0,1,0.25
2002,27,2002-07-01,2,2,0,2,7,1,0,0,0.75
2002,28,2002-07-08,0,0,0,0,7,2,1,0,0.75
2002,29,2002-07-15,7,7,0,7,7,0,2,0,2.5
2002,30,2002-07-22,1,1,0,1,7,7,0,1,2.5
2002,31,2002-07-29,11,11,0,11,7,1,7,2,4.75
2002,32,2002-08-05,1,1,0,1,8,11,1,0,5
2002,33,2002-08-12,1,1,0,1,8,1,11,7,3.5
2002,34,2002-08-19,0,0,0,0,8,1,1,1,3.25
2002,35,2002-08-26,0,0,0,0,8,0,1,11,0.5
2002,36,2002-09-02,0,0,0,0,9,0,0,1,0.25
2002,37,2002-09-09,0,0,0,0,9,0,0,1,0
2002,38,2002-09-16,0,0,0,0,9,0,0,0,0
2002,39,2002-09-23,0,0,0,0,9,0,0,0,0
2002,40,2002-09-30,0,0,0,0,9,0,0,0,0
2002,41,2002-10-07,0,0,0,0,10,0,0,0,0
2002,42,2002-10-14,0,0,0,0,10,0,0,0,0
2002,43,2002-10-21,0,0,0,0,10,0,0,0,0
2002,44,2002-10-28,0,0,0,0,10,0,0,0,0
2002,45,2002-11-04,0,0,0,0,11,0,0,0,0
2002,46,2002-11-11,0,0,0,0,11,0,0,0,0
2002,47,2002-11-18,0,0,0,0,11,0,0,0,0
2002,48,2002-11-25,0,0,0,0,11,0,0,0,0
2002,49,2002-12-02,0,0,0,0,12,0,0,0,0
2002,50,2002-12-09,0,0,0,0,12,0,0,0,0
2002,51,2002-12-16,0,0,0,0,12,0,0,0,0
2002,52,2002-12-23,0,0,0,0,12,0,0,0,0
2003,1,2002-12-30,0,0,0,0,12,0,0,0,0
2003,2,2003-01-06,0,0,0,0,1,0,0,0,0
2003,3,2003-01-13,0,0,0,0,1,0,0,0,0
2003,4,2003-01-20,0,0,0,0,1,0,0,0,0
2003,5,2003-01-27,0,0,0,0,1,0,0,0,0
2003,6,2003-02-03,0,0,0,0,2,0,0,0,0
2003,7,2003-02-10,0,0,0,0,2,0,0,0,0
2003,8,2003-02-17,0,0,0,0,2,0,0,0,0
2003,9,2003-02-24,0,0,0,0,2,0,0,0,0
2003,10,2003-03-03,0,0,0,0,3,0,0,0,0
2003,11,2003-03-10,0,0,0,0,3,0,0,0,0
2003,12,2003-03-17,0,0,0,0,3,0,0,0,0
2003,13,2003-03-24,0,0,0,0,3,0,0,0,0
2003,14,2003-03-31,0,0,0,0,3,0,0,0,0
2003,15,2003-04-07,0,0,0,0,4,0,0,0,0
2003,16,2003-04-14,0,0,0,0,4,0,0,0,0
2003,17,2003-04-21,0,0,0,0,4,0,0,0,0
2003,18,2003-04-28,0,0,0,0,4,0,0,0,0
2003,19,2003-05-05,0,0,0,0,5,0,0,0,0
2003,20,2003-05-12,0,0,0,0,5,0,0,0,0
2003,21,2003-05-19,0,0,0,0,5,0,0,0,0
2003,22,2003-05-26,0,0,0,0,5,0,0,0,0
2003,23,2003-06-02,0,0,0,0,6,0,0,0,0
2003,24,2003-06-09,0,0,0,0,6,0,0,0,0
2003,25,2003-06-16,0,0,0,0,6,0,0,0,0
2003,26,2003-06-23,0,0,0,0,6,0,0,0,0
2003,27,2003-06-30,0,0,0,0,6,0,0,0,0
2003,28,2003-07-07,0,0,0,0,7,0,0,0,0
2003,29,2003-07-14,3,3,0,3,7,0,0,0,0.75
2003,30,2003-07-21,3,3,0,3,7,3,0,0,1.5
2003,31,2003-07-28,17,17,0,17,7,3,3,0,5.75
2003,32,2003-08-04,27,26,1,26,8,17,3,0,12.5
2003,33,2003-08-11,26,26,0,26,8,27,17,3,18.25
2003,34,2003-08-18,4,4,0,4,8,26,27,3,18.5
2003,35,2003-08-25,2,2,0,2,8,4,26,17,14.75
2003,36,2003-09-01,2,2,0,2,9,2,4,27,8.5
2003,37,2003-09-08,4,3,1,3,9,2,2,26,3
2003,38,2003-09-15,1,0,1,0,9,4,2,4,2.25
2003,39,2003-09-22,0,0,0,0,9,1,4,2,1.75
2003,40,2003-09-29,1,0,1,0,9,0,1,2,1.5
2003,41,2003-10-06,0,0,0,0,10,1,0,4,0.5
2003,42,2003-10-13,2,0,2,0,10,0,1,1,0.75
2003,43,2003-10-20,0,0,0,0,10,2,0,0,0.75
2003,44,2003-10-27,0,0,0,0,10,0,2,1,0.5
2003,45,2003-11-03,0,0,0,0,11,0,0,0,0.5
2003,46,2003-11-10,1,0,1,0,11,0,0,2,0.25
2003,47,2003-11-17,0,0,0,0,11,1,0,0,0.25
2003,48,2003-11-24,0,0,0,0,11,0,1,0,0.25
2003,49,2003-12-01,0,0,0,0,12,0,0,0,0.25
2003,50,2003-12-08,0,0,0,0,12,0,0,1,0
2003,51,2003-12-15,0,0,0,0,12,0,0,0,0
2003,52,2003-12-22,0,0,0,0,12,0,0,0,0
2004,1,2003-12-29,0,0,0,0,12,0,0,0,0
2004,2,2004-01-05,1,0,1,0,1,0,0,0,0.25
2004,3,2004-01-12,0,0,0,0,1,1,0,0,0.25
2004,4,2004-01-19,0,0,0,0,1,0,1,0,0.25
2004,5,2004-01-26,0,0,0,0,1,0,0,0,0.25
2004,6,2004-02-02,0,0,0,0,2,0,0,1,0
2004,7,2004-02-09,0,0,0,0,2,0,0,0,0
2004,8,2004-02-16,0,0,0,0,2,0,0,0,0
2004,9,2004-02-23,1,1,0,1,2,0,0,0,0.25
2004,10,2004-03-01,0,0,0,0,3,1,0,0,0.25
2004,11,2004-03-08,0,0,0,0,3,0,1,0,0.25
2004,12,2004-03-15,0,0,0,0,3,0,0,0,0.25
2004,13,2004-03-22,0,0,0,0,3,0,0,1,0
2004,14,2004-03-29,0,0,0,0,3,0,0,0,0
2004,15,2004-04-05,0,0,0,0,4,0,0,0,0
2004,16,2004-04-12,0,0,0,0,4,0,0,0,0
2004,17,2004-04-19,0,0,0,0,4,0,0,0,0
2004,18,2004-04-26,0,0,0,0,4,0,0,0,0
2004,19,2004-05-03,0,0,0,0,5,0,0,0,0
2004,20,2004-05-10,0,0,0,0,5,0,0,0,0
2004,21,2004-05-17,2,2,0,2,5,0,0,0,0.5
2004,22,2004-05-24,5,5,0,5,5,2,0,0,1.75
2004,23,2004-05-31,5,5,0,5,5,5,2,0,3
2004,24,2004-06-07,14,14,0,14,6,5,5,0,6.5
2004,25,2004-06-14,25,25,0,25,6,14,5,2,12.25
2004,26,2004-06-21,14,14,0,14,6,25,14,5,14.5
2004,27,2004-06-28,9,9,0,9,6,14,25,5,15.5
2004,28,2004-07-05,4,4,0,4,7,9,14,14,13
2004,29,2004-07-12,2,2,0,2,7,4,9,25,7.25
2004,30,2004-07-19,0,0,0,0,7,2,4,14,3.75
2004,31,2004-07-26,0,0,0,0,7,0,2,9,1.5
2004,32,2004-08-02,0,0,0,0,8,0,0,4,0.5
2004,33,2004-08-09,1,1,0,1,8,0,0,2,0.25
2004,34,2004-08-16,0,0,0,0,8,1,0,0,0.25
2004,35,2004-08-23,1,1,0,1,8,0,1,0,0.5
2004,36,2004-08-30,0,0,0,0,8,1,0,0,0.5
2004,37,2004-09-06,0,0,0,0,9,0,1,1,0.25
2004,38,2004-09-13,5,5,0,5,9,0,0,0,1.5
2004,39,2004-09-20,4,4,0,4,9,5,0,1,2.25
2004,40,2004-09-27,3,3,0,3,9,4,5,0,3
2004,41,2004-10-04,1,1,0,1,10,3,4,0,3.25
2004,42,2004-10-11,3,3,0,3,10,1,3,5,2.75
2004,43,2004-10-18,0,0,0,0,10,3,1,4,1.75
2004,44,2004-10-25,0,0,0,0,10,0,3,3,1
2004,45,2004-11-01,0,0,0,0,11,0,0,1,0.75
2004,46,2004-11-08,0,0,0,0,11,0,0,3,0
2004,47,2004-11-15,0,0,0,0,11,0,0,0,0
2004,48,2004-11-22,0,0,0,0,11,0,0,0,0
2004,49,2004-11-29,0,0,0,0,11,0,0,0,0
2004,50,2004-12-06,0,0,0,0,12,0,0,0,0
2004,51,2004-12-13,0,0,0,0,12,0,0,0,0
2004,52,2004-12-20,0,0,0,0,12,0,0,0,0
2004,53,2004-12-27,0,0,0,0,12,0,0,0,0
2005,1,2005-01-03,0,0,0,0,1,0,0,0,0
2005,2,2005-01-10,0,0,0,0,1,0,0,0,0
2005,3,2005-01-17,0,0,0,0,1,0,0,0,0
2005,4,2005-01-24,0,0,0,0,1,0,0,0,0
2005,5,2005-01-31,0,0,0,0,1,0,0,0,0
2005,6,2005-02-07,0,0,0,0,2,0,0,0,0
2005,7,2005-02-14,0,0,0,0,2,0,0,0,0
2005,8,2005-02-21,0,0,0,0,2,0,0,0,0
2005,9,2005-02-28,1,0,1,0,2,0,0,0,0.25
2005,10,2005-03-07,0,0,0,0,3,1,0,0,0.25
2005,11,2005-03-14,1,0,1,0,3,0,1,0,0.5
2005,12,2005-03-21,0,0,0,0,3,1,0,0,0.5
2005,13,2005-03-28,1,0,1,0,3,0,1,1,0.5
2005,14,2005-04-04,8,1,7,0.14285714285714285,4,1,0,0,2.5
2005,15,2005-04-11,1,1,0,1,4,8,1,1,2.5
2005,16,2005-04-18,7,1,6,0.16666666666666666,4,1,8,0,4.25
2005,17,2005-04-25,0,0,0,0,4,7,1,1,4
2005,18,2005-05-02,11,0,11,0,5,0,7,8,4.75
2005,19,2005-05-09,12,3,9,0.3333333333333333,5,11,0,1,7.5
2005,20,2005-05-16,8,6,2,3,5,12,11,7,7.75
2005,21,2005-05-23,18,11,7,1.5714285714285714,5,8,12,0,12.25
2005,22,2005-05-30,7,3,4,0.75,5,18,8,11,11.25
2005,23,2005-06-06,14,9,5,1.8,6,7,18,12,11.75
2005,24,2005-06-13,7,3,4,0.75,6,14,7,8,11.5
2005,25,2005-06-20,11,8,3,2.6666666666666665,6,7,14,18,9.75
2005,26,2005-06-27,7,3,4,0.75,6,11,7,7,9.75
2005,27,2005-07-04,5,2,3,0.6666666666666666,7,7,11,14,7.5
2005,28,2005-07-11,4,0,4,0,7,5,7,7,6.75
2005,29,2005-07-18,2,0,2,0,7,4,5,11,4.5
2005,30,2005-07-25,3,0,3,0,7,2,4,7,3.5
2005,31,2005-08-01,6,0,6,0,8,3,2,5,3.75
2005,32,2005-08-08,1,0,1,0,8,6,3,4,3
2005,33,2005-08-15,1,0,1,0,8,1,6,2,2.75
2005,34,2005-08-22,1,0,1,0,8,1,1,3,2.25
2005,35,2005-08-29,0,0,0,0,8,1,1,6,0.75
2005,36,2005-09-05,1,0,1,0,9,0,1,1,0.75
2005,37,2005-09-12,0,0,0,0,9,1,0,1,0.5
2005,38,2005-09-19,0,0,0,0,9,0,1,1,0.25
2005,39,2005-09-26,1,0,1,0,9,0,0,0,0.5
2005,40,2005-10-03,0,0,0,0,10,1,0,1,0.25
2005,41,2005-10-10,0,0,0,0,10,0,1,0,0.25
2005,42,2005-10-17,0,0,0,0,10,0,0,0,0.25
2005,43,2005-10-24,0,0,0,0,10,0,0,1,0
2005,44,2005-10-31,0,0,0,0,10,0,0,0,0
2005,45,2005-11-07,0,0,0,0,11,0,0,0,0
2005,46,2005-11-14,3,0,3,0,11,0,0,0,0.75
2005,47,2005-11-21,0,0,0,0,11,3,0,0,0.75
2005,48,2005-11-28,0,0,0,0,11,0,3,0,0.75
2005,49,2005-12-05,0,0,0,0,12,0,0,0,0.75
2005,50,2005-12-12,0,0,0,0,12,0,0,3,0
2005,51,2005-12-19,0,0,0,0,12,0,0,0,0
2006,1,2006-01-02,1,0,1,0,1,0,0,0,0.25
2006,2,2006-01-09,1,0,1,0,1,1,0,0,0.5
2006,3,2006-01-16,0,0,0,0,1,1,1,0,0.5
2006,4,2006-01-23,0,0,0,0,1,0,1,0,0.5
2006,5,2006-01-30,1,0,1,0,1,0,0,1,0.5
2006,6,2006-02-06,2,2,0,2,2,1,0,1,0.75
2006,7,2006-02-13,2,2,0,2,2,2,1,0,1.25
2006,8,2006-02-20,1,0,1,0,2,2,2,0,1.5
2006,9,2006-02-27,0,0,0,0,2,1,2,1,1.25
2006,10,2006-03-06,1,1,0,1,3,0,1,2,1
2006,11,2006-03-13,0,0,0,0,3,1,0,2,0.5
2006,12,2006-03-20,0,0,0,0,3,0,1,1,0.25
2006,13,2006-03-27,0,0,0,0,3,0,0,0,0.25
2006,14,2006-04-03,2,2,0,2,4,0,0,1,0.5
2006,15,2006-04-10,1,0,1,0,4,2,0,0,0.75
2006,16,2006-04-17,0,0,0,0,4,1,2,0,0.75
2006,17,2006-04-24,1,1,0,1,4,0,1,0,1
2006,18,2006-05-01,7,6,1,6,5,1,0,2,2.25
2006,19,2006-05-08,2,1,1,1,5,7,1,1,2.5
2006,20,2006-05-15,2,1,1,1,5,2,7,0,3
2006,21,2006-05-22,6,6,0,6,5,2,2,1,4.25
2006,22,2006-05-29,12,11,1,11,5,6,2,7,5.5
2006,23,2006-06-05,9,5,4,1.25,6,12,6,2,7.25
2006,24,2006-06-12,14,12,2,6,6,9,12,2,10.25
2006,25,2006-06-19,23,22,1,22,6,14,9,6,14.5
2006,26,2006-06-26,39,37,2,18.5,6,23,14,12,21.25
2006,27,2006-07-03,38,35,3,11.666666666666666,7,39,23,9,28.5
2006,28,2006-07-10,18,17,1,17,7,38,39,14,29.5
2006,29,2006-07-17,43,38,5,7.6,7,18,38,23,34.5
2006,30,2006-07-24,4,2,2,1,7,43,18,39,25.75
2006,31,2006-07-31,17,14,3,4.666666666666667,7,4,43,38,20.5
2006,32,2006-08-07,25,15,10,1.5,8,17,4,18,22.25
2006,33,2006-08-14,15,11,4,2.75,8,25,17,43,15.25
2006,34,2006-08-21,20,16,4,4,8,15,25,4,19.25
2006,35,2006-08-28,27,16,11,1.4545454545454546,8,20,15,17,21.75
2006,36,2006-09-04,33,17,16,1.0625,9,27,20,25,23.75
2006,37,2006-09-11,36,19,17,1.1176470588235294,9,33,27,15,29
2006,38,2006-09-18,19,5,14,0.35714285714285715,9,36,33,20,28.75
2006,39,2006-09-25,16,4,12,0.3333333333333333,9,19,36,27,26
2006,40,2006-10-02,6,3,3,1,10,16,19,33,19.25
2006,41,2006-10-09,18,10,8,1.25,10,6,16,36,14.75
2006,42,2006-10-16,23,7,16,0.4375,10,18,6,19,15.75
2006,43,2006-10-23,10,6,4,1.5,10,23,18,16,14.25
2006,44,2006-10-30,10,4,6,0.6666666666666666,10,10,23,6,15.25
2006,45,2006-11-06,11,6,5,1.2,11,10,10,18,13.5
2006,46,2006-11-13,8,2,6,0.3333333333333333,11,11,10,23,9.75
2006,47,2006-11-20,15,10,5,2,11,8,11,10,11
2006,48,2006-11-27,4,3,1,3,11,15,8,10,9.5
2006,49,2006-12-04,6,5,1,5,12,4,15,11,8.25
2006,50,2006-12-11,5,5,0,5,12,6,4,8,7.5
2006,51,2006-12-18,3,2,1,2,12,5,6,15,4.5
2006,52,2006-12-25,0,0,0,0,12,3,5,4,3.5
2007,1,2007-01-01,5,4,1,4,1,0,3,6,3.25
2007,2,2007-01-08,4,3,1,3,1,5,0,5,3
2007,3,2007-01-15,4,4,0,4,1,4,5,3,3.25
2007,4,2007-01-22,5,5,0,5,1,4,4,0,4.5
2007,5,2007-01-29,3,3,0,3,1,5,4,5,4
2007,6,2007-02-05,3,3,0,3,2,3,5,4,3.75
2007,7,2007-02-12,4,2,2,1,2,3,3,4,3.75
2007,8,2007-02-19,4,4,0,4,2,4,3,5,3.5
2007,9,2007-02-26,1,1,0,1,2,4,4,3,3
2007,10,2007-03-05,2,1,1,1,3,1,4,3,2.75
2007,11,2007-03-12,0,0,0,0,3,2,1,4,1.75
2007,12,2007-03-19,1,0,1,0,3,0,2,4,1
2007,13,2007-03-26,0,0,0,0,3,1,0,1,0.75
2007,14,2007-04-02,0,0,0,0,4,0,1,2,0.25
2007,15,2007-04-09,0,0,0,0,4,0,0,0,0.25
2007,16,2007-04-16,1,0,1,0,4,0,0,1,0.25
2007,17,2007-04-23,1,0,1,0,4,1,0,0,0.5
2007,18,2007-04-30,1,1,0,1,4,1,1,0,0.75
2007,19,2007-05-07,2,2,0,2,5,1,1,0,1.25
2007,20,2007-05-14,0,0,0,0,5,2,1,1,1
2007,21,2007-05-21,2,2,0,2,5,0,2,1,1.25
2007,22,2007-05-28,6,6,0,6,5,2,0,1,2.5
2007,23,2007-06-04,8,8,0,8,6,6,2,2,4
2007,24,2007-06-11,2,2,0,2,6,8,6,0,4.5
2007,25,2007-06-18,21,21,0,21,6,2,8,2,9.25
2007,26,2007-06-25,26,26,0,26,6,21,2,6,14.25
2007,27,2007-07-02,48,48,0,48,7,26,21,8,24.25
2007,28,2007-07-09,42,42,0,42,7,48,26,2,34.25
2007,29,2007-07-16,24,24,0,24,7,42,48,21,35
2007,30,2007-07-23,32,32,0,32,7,24,42,26,36.5
2007,31,2007-07-30,13,13,0,13,7,32,24,48,27.75
2007,32,2007-08-06,30,30,0,30,8,13,32,42,24.75
2007,33,2007-08-13,11,11,0,11,8,30,13,24,21.5
2007,34,2007-08-20,8,8,0,8,8,11,30,32,15.5
2007,35,2007-08-27,14,14,0,14,8,8,11,13,15.75
2007,36,2007-09-03,14,14,0,14,9,14,8,30,11.75
2007,37,2007-09-10,28,28,0,28,9,14,14,11,16
2007,38,2007-09-17,40,40,0,40,9,28,14,8,24
2007,39,2007-09-24,25,24,1,24,9,40,28,14,26.75
2007,40,2007-10-01,24,24,0,24,10,25,40,14,29.25
2007,41,2007-10-08,38,38,0,38,10,24,25,28,31.75
2007,42,2007-10-15,8,8,0,8,10,38,24,40,23.75
2007,43,2007-10-22,3,3,0,3,10,8,38,25,18.25
2007,44,2007-10-29,0,0,0,0,10,3,8,24,12.25
2007,45,2007-11-05,2,2,0,2,11,0,3,38,3.25
2007,46,2007-11-12,3,1,2,0.5,11,2,0,8,2
2007,47,2007-11-19,2,0,2,0,11,3,2,3,1.75
2007,48,2007-11-26,4,1,3,0.3333333333333333,11,2,3,0,2.75
2007,49,2007-12-03,5,1,4,0.25,12,4,2,2,3.5
2007,50,2007-12-10,8,0,8,0,12,5,4,3,4.75
2007,51,2007-12-17,4,0,4,0,12,8,5,2,5.25
2007,52,2007-12-24,0,0,0,0,12,4,8,4,4.25
2008,1,2007-12-31,0,0,0,0,12,0,4,5,3
2008,2,2008-01-07,12,0,12,0,1,0,0,8,4
2008,3,2008-01-14,17,0,17,0,1,12,0,4,7.25
2008,4,2008-01-21,14,0,14,0,1,17,12,0,10.75
2008,5,2008-01-28,12,0,12,0,1,14,17,0,13.75
2008,6,2008-02-04,14,0,14,0,2,12,14,12,14.25
2008,7,2008-02-11,15,0,15,0,2,14,12,17,13.75
2008,8,2008-02-18,17,0,17,0,2,15,14,14,14.5
2008,9,2008-02-25,30,0,30,0,2,17,15,12,19
2008,10,2008-03-03,8,0,8,0,3,30,17,14,17.5
2008,11,2008-03-10,16,0,16,0,3,8,30,15,17.75
2008,12,2008-03-17,10,0,10,0,3,16,8,17,16
2008,13,2008-03-24,14,0,14,0,3,10,16,30,12
2008,14,2008-03-31,12,0,12,0,3,14,10,8,13
2008,15,2008-04-07,10,1,9,0.1111111111111111,4,12,14,16,11.5
2008,16,2008-04-14,4,0,4,0,4,10,12,10,10
2008,17,2008-04-21,12,0,12,0,4,4,10,14,9.5
2008,18,2008-04-28,14,0,14,0,4,12,4,12,10
2008,19,2008-05-05,6,0,6,0,5,14,12,10,9
2008,20,2008-05-12,7,0,7,0,5,6,14,4,9.75
2008,21,2008-05-19,4,0,4,0,5,7,6,12,7.75
2008,22,2008-05-26,12,0,12,0,5,4,7,14,7.25
2008,23,2008-06-02,12,0,12,0,6,12,4,6,8.75
2008,24,2008-06-09,13,1,12,0.08333333333333333,6,12,12,7,10.25
2008,25,2008-06-16,23,0,23,0,6,13,12,4,15
2008,26,2008-06-23,35,2,33,0.06060606060606061,6,23,13,12,20.75
2008,27,2008-06-30,20,4,16,0.25,6,35,23,12,22.75
2008,28,2008-07-07,27,4,23,0.17391304347826086,7,20,35,13,26.25
2008,29,2008-07-14,39,2,37,0.05405405405405406,7,27,20,23,30.25
2008,30,2008-07-21,45,12,33,0.36363636363636365,7,39,27,35,32.75
2008,31,2008-07-28,36,11,25,0.44,7,45,39,20,36.75
2008,32,2008-08-04,32,15,17,0.8823529411764706,8,36,45,27,38
2008,33,2008-08-11,19,2,17,0.11764705882352941,8,32,36,39,33
2008,34,2008-08-18,19,8,11,0.7272727272727273,8,19,32,45,26.5
2008,35,2008-08-25,12,7,5,1.4,8,19,19,36,20.5
2008,36,2008-09-01,18,11,7,1.5714285714285714,9,12,19,32,17
2008,37,2008-09-08,8,6,2,3,9,18,12,19,14.25
2008,38,2008-09-15,17,7,10,0.7,9,8,18,19,13.75
2008,39,2008-09-22,26,20,6,3.3333333333333335,9,17,8,12,17.25
2008,40,2008-09-29,28,23,5,4.6,9,26,17,18,19.75
2008,41,2008-10-06,15,11,4,2.75,10,28,26,8,21.5
2008,42,2008-10-13,8,6,2,3,10,15,28,17,19.25
2008,43,2008-10-20,3,1,2,0.5,10,8,15,26,13.5
2008,44,2008-10-27,8,8,0,8,10,3,8,28,8.5
2008,45,2008-11-03,10,9,1,9,11,8,3,15,7.25
2008,46,2008-11-10,8,3,5,0.6,11,10,8,8,7.25
2008,47,2008-11-17,17,13,4,3.25,11,8,10,3,10.75
2008,48,2008-11-24,3,2,1,2,11,17,8,8,9.5
2008,49,2008-12-01,7,5,2,2.5,12,3,17,10,8.75
2008,50,2008-12-08,26,10,16,0.625,12,7,3,8,13.25
2008,51,2008-12-15,11,6,5,1.2,12,26,7,17,11.75
2008,52,2008-12-22,2,1,1,1,12,11,26,3,11.5
2009,1,2008-12-29,18,13,5,2.6,12,2,11,7,14.25
2009,2,2009-01-05,5,3,2,1.5,1,18,2,26,9
2009,3,2009-01-12,11,5,6,0.8333333333333334,1,5,18,11,9
2009,4,2009-01-19,9,3,6,0.5,1,11,5,2,10.75
2009,5,2009-01-26,8,4,4,1,1,9,11,18,8.25
2009,6,2009-02-02,12,6,6,1,2,8,9,5,10
2009,7,2009-02-09,23,23,0,23,2,12,8,11,13
2009,8,2009-02-16,20,15,5,3,2,23,12,9,15.75
2009,9,2009-02-23,15,15,0,15,2,20,23,8,17.5
2009,10,2009-03-02,27,27,0,27,3,15,20,12,21.25
2009,11,2009-03-09,34,33,1,33,3,27,15,23,24
2009,12,2009-03-16,30,25,5,5,3,34,27,20,26.5
2009,13,2009-03-23,12,12,0,12,3,30,34,15,25.75
2009,14,2009-03-30,4,4,0,4,3,12,30,27,20
2009,15,2009-04-06,18,18,0,18,4,4,12,34,16
2009,16,2009-04-13,16,15,1,15,4,18,4,30,12.5
2009,17,2009-04-20,25,24,1,24,4,16,18,12,15.75
2009,18,2009-04-27,16,16,0,16,4,25,16,4,18.75
2009,19,2009-05-04,21,21,0,21,5,16,25,18,19.5
2009,20,2009-05-11,24,24,0,24,5,21,16,16,21.5
2009,21,2009-05-18,55,55,0,55,5,24,21,25,29
2009,22,2009-05-25,111,110,1,110,5,55,24,16,52.75
2009,23,2009-06-01,415,415,0,415,6,111,55,21,151.25
2009,24,2009-06-08,730,730,0,730,6,415,111,24,327.75
2009,25,2009-06-15,1231,1231,0,1231,6,730,415,55,621.75
2009,26,2009-06-22,1396,1396,0,1396,6,1231,730,111,943
2009,27,2009-06-29,832,831,1,831,6,1396,1231,415,1047.25
2009,28,2009-07-06,746,745,1,745,7,832,1396,730,1051.25
2009,29,2009-07-13,698,693,5,138.6,7,746,832,1231,918
2009,30,2009-07-20,334,333,1,333,7,698,746,1396,652.5
2009,31,2009-07-27,358,358,0,358,7,334,698,832,534
2009,32,2009-08-03,136,135,1,135,8,358,334,746,381.5
2009,33,2009-08-10,104,102,2,51,8,136,358,698,233
2009,34,2009-08-17,68,58,10,5.8,8,104,136,334,166.5
2009,35,2009-08-24,16,16,0,16,8,68,104,358,81
2009,36,2009-08-31,16,15,1,15,8,16,68,136,51
2009,37,2009-09-07,11,6,5,1.2,9,16,16,104,27.75
2009,38,2009-09-14,5,3,2,1.5,9,11,16,68,12
2009,39,2009-09-21,4,2,2,1,9,5,11,16,9
2009,40,2009-09-28,5,0,5,0,9,4,5,16,6.25
2009,41,2009-10-05,5,2,3,0.6666666666666666,10,5,4,11,4.75
2009,42,2009-10-12,14,4,10,0.4,10,5,5,5,7
2009,44,2009-10-26,8,2,6,0.3333333333333333,10,14,5,4,8
2009,45,2009-11-02,7,1,6,0.16666666666666666,11,8,14,5,8.5
2009,46,2009-11-09,17,4,13,0.3076923076923077,11,7,8,5,11.5
2009,47,2009-11-16,6,1,5,0.2,11,17,7,14,9.5
2009,48,2009-11-23,10,2,8,0.25,11,6,17,8,10
2009,49,2009-11-30,10,0,10,0,11,10,6,7,10.75
2009,50,2009-12-07,9,0,9,0,12,10,10,17,8.75
2009,51,2009-12-14,1,0,1,0,12,9,10,6,7.5
2010,1,2010-01-04,9,5,4,1.25,1,1,9,10,7.25
2010,2,2010-01-11,17,6,11,0.5454545454545454,1,9,1,10,9
2010,3,2010-01-18,3,1,2,0.5,1,17,9,9,7.5
2010,4,2010-01-25,6,2,4,0.5,1,3,17,1,8.75
2010,5,2010-02-01,16,10,6,1.6666666666666667,2,6,3,9,10.5
2010,6,2010-02-08,43,8,35,0.22857142857142856,2,16,6,17,17
2010,7,2010-02-15,20,15,5,3,2,43,16,3,21.25
2010,8,2010-02-22,13,7,6,1.1666666666666667,2,20,43,6,23
2010,9,2010-03-01,6,1,5,0.2,3,13,20,16,20.5
2010,10,2010-03-08,15,8,7,1.1428571428571428,3,6,13,43,13.5
2010,11,2010-03-15,9,2,7,0.2857142857142857,3,15,6,20,10.75
2010,12,2010-03-22,10,4,6,0.6666666666666666,3,9,15,13,10
2010,13,2010-03-29,9,6,3,2,3,10,9,6,10.75
2010,14,2010-04-05,15,6,9,0.6666666666666666,4,9,10,15,10.75
2010,15,2010-04-12,8,2,6,0.3333333333333333,4,15,9,9,10.5
2010,16,2010-04-19,8,3,5,0.6,4,8,15,10,10
2010,17,2010-04-26,3,1,2,0.5,4,8,8,9,8.5
2010,18,2010-05-03,2,0,2,0,5,3,8,15,5.25
2010,19,2010-05-10,3,3,0,3,5,2,3,8,4
2010,20,2010-05-17,13,12,1,12,5,3,2,8,5.25
2010,21,2010-05-24,7,5,2,2.5,5,13,3,3,6.25
2010,22,2010-05-31,10,7,3,2.3333333333333335,5,7,13,2,8.25
2010,23,2010-06-07,13,5,8,0.625,6,10,7,3,10.75
2010,24,2010-06-14,22,12,10,1.2,6,13,10,13,13
2010,25,2010-06-21,28,18,10,1.8,6,22,13,7,18.25
2010,26,2010-06-28,48,33,15,2.2,6,28,22,10,27.75
2010,27,2010-07-05,55,40,15,2.6666666666666665,7,48,28,13,38.25
2010,28,2010-07-12,78,57,21,2.7142857142857144,7,55,48,22,52.25
2010,29,2010-07-19,74,50,24,2.0833333333333335,7,78,55,28,63.75
2010,30,2010-07-26,114,75,39,1.9230769230769231,7,74,78,48,80.25
2010,31,2010-08-02,92,60,32,1.875,8,114,74,55,89.5
2010,32,2010-08-09,116,78,38,2.0526315789473686,8,92,114,78,99
2010,33,2010-08-16,148,81,67,1.208955223880597,8,116,92,74,117.5
2010,34,2010-08-23,174,89,85,1.0470588235294118,8,148,116,114,132.5
2010,35,2010-08-30,82,48,34,1.411764705882353,8,174,148,92,130
2010,36,2010-09-06,54,21,33,0.6363636363636364,9,82,174,116,114.5
2010,37,2010-09-13,97,46,51,0.9019607843137255,9,54,82,148,101.75
2010,38,2010-09-20,87,12,75,0.16,9,97,54,174,80
2010,39,2010-09-27,59,13,46,0.2826086956521739,9,87,97,82,74.25
2010,40,2010-10-04,36,9,27,0.3333333333333333,10,59,87,54,69.75
2010,41,2010-10-11,42,7,35,0.2,10,36,59,97,56
2010,42,2010-10-18,5,0,5,0,10,42,36,87,35.5
2010,43,2010-10-25,14,2,12,0.16666666666666666,10,5,42,59,24.25
2010,44,2010-11-01,4,0,4,0,11,14,5,36,16.25
2010,45,2010-11-08,7,2,5,0.4,11,4,14,42,7.5
2010,46,2010-11-15,7,2,5,0.4,11,7,4,5,8
2010,47,2010-11-22,12,0,12,0,11,7,7,14,7.5
2010,48,2010-11-29,3,0,3,0,11,12,7,4,7.25
2010,49,2010-12-06,2,0,2,0,12,3,12,7,6
2010,50,2010-12-13,5,1,4,0.25,12,2,3,7,5.5
2010,51,2010-12-20,1,0,1,0,12,5,2,12,2.75
2011,1,2011-01-03,5,4,1,4,1,1,5,3,3.25
2011,2,2011-01-10,13,2,11,0.18181818181818182,1,5,1,2,6
2011,3,2011-01-17,5,2,3,0.6666666666666666,1,13,5,5,6
2011,4,2011-01-24,7,3,4,0.75,1,5,13,1,7.5
2011,5,2011-01-31,8,6,2,3,1,7,5,5,8.25
2011,6,2011-02-07,20,18,2,9,2,8,7,13,10
2011,7,2011-02-14,25,24,1,24,2,20,8,5,15
2011,8,2011-02-21,21,18,3,6,2,25,20,7,18.5
2011,9,2011-02-28,15,14,1,14,2,21,25,8,20.25
2011,10,2011-03-07,20,18,2,9,3,15,21,20,20.25
2011,11,2011-03-14,20,19,1,19,3,20,15,25,19
2011,12,2011-03-21,18,17,1,17,3,20,20,21,18.25
2011,13,2011-03-28,13,11,2,5.5,3,18,20,15,17.75
2011,14,2011-04-04,10,10,0,10,4,13,18,20,15.25
2011,15,2011-04-11,10,10,0,10,4,10,13,20,12.75
2011,16,2011-04-18,3,2,1,2,4,10,10,18,9
2011,17,2011-04-25,5,5,0,5,4,3,10,13,7
2011,18,2011-05-02,6,6,0,6,5,5,3,10,6
2011,19,2011-05-09,3,3,0,3,5,6,5,10,4.25
2011,20,2011-05-16,1,1,0,1,5,3,6,3,3.75
2011,21,2011-05-23,6,5,1,5,5,1,3,5,4
2011,22,2011-05-30,10,5,5,1,5,6,1,6,5
2011,23,2011-06-06,6,5,1,5,6,10,6,3,5.75
2011,24,2011-06-13,6,2,4,0.5,6,6,10,1,7
2011,25,2011-06-20,2,2,0,2,6,6,6,6,6
2011,26,2011-06-27,17,15,2,7.5,6,2,6,10,7.75
2011,27,2011-07-04,17,16,1,16,7,17,2,6,10.5
2011,28,2011-07-11,20,20,0,20,7,17,17,6,14
2011,29,2011-07-18,32,28,4,7,7,20,17,2,21.5
2011,30,2011-07-25,12,9,3,3,7,32,20,17,20.25
2011,31,2011-08-01,28,27,1,27,8,12,32,17,23
2011,32,2011-08-08,28,27,1,27,8,28,12,20,25
2011,33,2011-08-15,51,47,4,11.75,8,28,28,32,29.75
2011,34,2011-08-22,39,35,4,8.75,8,51,28,12,36.5
2011,35,2011-08-29,2,2,0,2,8,39,51,28,30
2011,36,2011-09-05,24,21,3,7,9,2,39,28,29
2011,37,2011-09-12,18,11,7,1.5714285714285714,9,24,2,51,20.75
2011,38,2011-09-19,16,13,3,4.333333333333333,9,18,24,39,15
2011,39,2011-09-26,17,9,8,1.125,9,16,18,2,18.75
2011,40,2011-10-03,29,18,11,1.6363636363636365,10,17,16,24,20
2011,41,2011-10-10,25,11,14,0.7857142857142857,10,29,17,18,21.75
2011,42,2011-10-17,45,21,24,0.875,10,25,29,16,29
2011,43,2011-10-24,41,10,31,0.3225806451612903,10,45,25,17,35
2011,44,2011-10-31,11,4,7,0.5714285714285714,10,41,45,29,30.5
2011,45,2011-11-07,22,5,17,0.29411764705882354,11,11,41,25,29.75
2011,46,2011-11-14,34,19,15,1.2666666666666666,11,22,11,45,27
2011,47,2011-11-21,27,17,10,1.7,11,34,22,41,23.5
2011,48,2011-11-28,22,13,9,1.4444444444444444,11,27,34,11,26.25
2011,49,2011-12-05,24,11,13,0.8461538461538461,12,22,27,22,26.75
2011,50,2011-12-12,24,4,20,0.2,12,24,22,34,24.25
2011,51,2011-12-19,11,2,9,0.2222222222222222,12,24,24,27,20.25
2011,52,2011-12-26,0,0,0,0,12,11,24,22,14.75
2012,1,2012-01-02,28,11,17,0.6470588235294118,1,0,11,24,15.75
2012,2,2012-01-09,32,8,24,0.3333333333333333,1,28,0,24,17.75
2012,3,2012-01-16,16,6,10,0.6,1,32,28,11,19
2012,4,2012-01-23,16,1,15,0.06666666666666667,1,16,32,0,23
2012,5,2012-01-30,6,1,5,0.2,1,16,16,28,17.5
2012,6,2012-02-06,9,5,4,1.25,2,6,16,32,11.75
2012,7,2012-02-13,7,3,4,0.75,2,9,6,16,9.5
2012,8,2012-02-20,5,0,5,0,2,7,9,16,6.75
2012,9,2012-02-27,3,1,2,0.5,2,5,7,6,6
2012,10,2012-03-05,2,0,2,0,3,3,5,9,4.25
2012,11,2012-03-12,4,0,4,0,3,2,3,7,3.5
2012,12,2012-03-19,1,1,0,1,3,4,2,5,2.5
2012,13,2012-03-26,1,1,0,1,3,1,4,3,2
2012,14,2012-04-02,1,1,0,1,4,1,1,2,1.75
2012,15,2012-04-09,2,1,1,1,4,1,1,4,1.25
2012,16,2012-04-16,3,0,3,0,4,2,1,1,1.75
2012,17,2012-04-23,0,0,0,0,4,3,2,1,1.5
2012,18,2012-04-30,0,0,0,0,4,0,3,1,1.25
2012,19,2012-05-07,0,0,0,0,5,0,0,2,0.75
2012,20,2012-05-14,1,1,0,1,5,0,0,3,0.25
2012,21,2012-05-21,0,0,0,0,5,1,0,0,0.25
2012,22,2012-05-28,0,0,0,0,5,0,1,0,0.25
2012,23,2012-06-04,0,0,0,0,6,0,0,0,0.25
2012,24,2012-06-11,0,0,0,0,6,0,0,1,0
2012,25,2012-06-18,2,1,1,1,6,0,0,0,0.5
2012,26,2012-06-25,2,1,1,1,6,2,0,0,1
2012,27,2012-07-02,8,8,0,8,7,2,2,0,3
2012,28,2012-07-09,14,14,0,14,7,8,2,0,6.5
2012,29,2012-07-16,59,59,0,59,7,14,8,2,20.75
2012,30,2012-07-23,71,70,1,70,7,59,14,2,38
2012,31,2012-07-30,41,31,10,3.1,7,71,59,8,46.25
2012,32,2012-08-06,29,27,2,13.5,8,41,71,14,50
2012,33,2012-08-13,30,30,0,30,8,29,41,59,42.75
2012,34,2012-08-20,13,13,0,13,8,30,29,71,28.25
2012,35,2012-08-27,33,29,4,7.25,8,13,30,41,26.25
2012,36,2012-09-03,25,21,4,5.25,9,33,13,29,25.25
2012,37,2012-09-10,20,17,3,5.666666666666667,9,25,33,30,22.75
2012,38,2012-09-17,22,18,4,4.5,9,20,25,13,25
2012,39,2012-09-24,20,3,17,0.17647058823529413,9,22,20,33,21.75
2012,40,2012-10-01,12,7,5,1.4,10,20,22,25,18.5
2012,41,2012-10-08,12,1,11,0.09090909090909091,10,12,20,20,16.5
2012,42,2012-10-15,11,6,5,1.2,10,12,12,22,13.75
2012,43,2012-10-22,5,0,5,0,10,11,12,20,10
2012,44,2012-10-29,13,5,8,0.625,10,5,11,12,10.25
2012,45,2012-11-05,10,1,9,0.1111111111111111,11,13,5,12,9.75
2012,46,2012-11-12,25,0,25,0,11,10,13,11,13.25
2012,47,2012-11-19,3,0,3,0,11,25,10,5,12.75
2012,48,2012-11-26,11,0,11,0,11,3,25,13,12.25
2012,49,2012-12-03,11,0,11,0,12,11,3,10,12.5
2012,50,2012-12-10,11,0,11,0,12,11,11,25,9
2013,1,2012-12-31,1,0,1,0,12,11,11,3,8.5
2013,2,2013-01-07,16,4,12,0.3333333333333333,1,1,11,11,9.75
2013,3,2013-01-14,26,8,18,0.4444444444444444,1,16,1,11,13.5
2013,4,2013-01-21,19,6,13,0.46153846153846156,1,26,16,11,15.5
2013,5,2013-01-28,32,6,26,0.23076923076923078,1,19,26,1,23.25
2013,6,2013-02-04,27,1,26,0.038461538461538464,2,32,19,16,26
2013,7,2013-02-11,30,4,26,0.15384615384615385,2,27,32,26,27
2013,8,2013-02-18,19,1,18,0.05555555555555555,2,30,27,19,27
2013,9,2013-02-25,21,3,18,0.16666666666666666,2,19,30,32,24.25
2013,10,2013-03-04,27,3,24,0.125,3,21,19,27,24.25
2013,11,2013-03-11,29,3,26,0.11538461538461539,3,27,21,30,24
2013,12,2013-03-18,17,3,14,0.21428571428571427,3,29,27,19,23.5
2013,13,2013-03-25,14,1,13,0.07692307692307693,3,17,29,21,21.75
2013,14,2013-04-01,16,1,15,0.06666666666666667,4,14,17,27,19
2013,15,2013-04-08,3,0,3,0,4,16,14,29,12.5
2013,16,2013-04-15,12,1,11,0.09090909090909091,4,3,16,17,11.25
2013,17,2013-04-22,4,2,2,1,4,12,3,14,8.75
2013,18,2013-04-29,6,3,3,1,4,4,12,16,6.25
2013,19,2013-05-06,2,1,1,1,5,6,4,3,6
2013,20,2013-05-13,8,0,8,0,5,2,6,12,5
2013,21,2013-05-20,17,4,13,0.3076923076923077,5,8,2,4,8.25
2013,22,2013-05-27,13,3,10,0.3,5,17,8,6,10
2013,23,2013-06-03,11,5,6,0.8333333333333334,6,13,17,2,12.25
2013,24,2013-06-10,6,1,5,0.2,6,11,13,8,11.75
2013,25,2013-06-17,17,6,11,0.5454545454545454,6,6,11,17,11.75
2013,26,2013-06-24,38,8,30,0.26666666666666666,6,17,6,13,18
2013,27,2013-07-01,13,5,8,0.625,7,38,17,11,18.5
2013,28,2013-07-08,16,4,12,0.3333333333333333,7,13,38,6,21
2013,29,2013-07-15,25,10,15,0.6666666666666666,7,16,13,17,23
2013,30,2013-07-22,7,5,2,2.5,7,25,16,38,15.25
2013,31,2013-07-29,27,15,12,1.25,7,7,25,13,18.75
2013,32,2013-08-05,25,11,14,0.7857142857142857,8,27,7,16,21
2013,33,2013-08-12,20,9,11,0.8181818181818182,8,25,27,25,19.75
2013,34,2013-08-19,11,9,2,4.5,8,20,25,7,20.75
2013,35,2013-08-26,8,6,2,3,8,11,20,27,16
2013,36,2013-09-02,17,15,2,7.5,9,8,11,25,14
2013,37,2013-09-09,25,20,5,4,9,17,8,20,15.25
2013,38,2013-09-16,39,25,14,1.7857142857142858,9,25,17,11,22.25
2013,39,2013-09-23,25,13,12,1.0833333333333333,9,39,25,8,26.5
2013,40,2013-09-30,49,32,17,1.8823529411764706,9,25,39,17,34.5
2013,41,2013-10-07,66,42,24,1.75,10,49,25,25,44.75
2013,42,2013-10-14,21,11,10,1.1,10,66,49,39,40.25
2013,43,2013-10-21,32,8,24,0.3333333333333333,10,21,66,25,42
2013,44,2013-10-28,12,10,2,5,10,32,21,49,32.75
2013,45,2013-11-04,32,25,7,3.5714285714285716,11,12,32,66,24.25
2013,46,2013-11-11,27,16,11,1.4545454545454546,11,32,12,21,25.75
2013,47,2013-11-18,17,12,5,2.4,11,27,32,32,22
2013,48,2013-11-25,8,2,6,0.3333333333333333,11,17,27,12,21
2013,49,2013-12-02,13,5,8,0.625,12,8,17,32,16.25
2013,50,2013-12-09,8,3,5,0.6,12,13,8,27,11.5
2013,51,2013-12-16,1,0,1,0,12,8,13,17,7.5
2014,1,2013-12-30,1,1,0,1,12,1,8,8,5.75
2014,2,2014-01-06,5,3,2,1.5,1,1,1,13,3.75
2014,3,2014-01-13,10,5,5,1,1,5,1,8,4.25
2014,4,2014-01-20,8,3,5,0.6,1,10,5,1,6
2014,5,2014-01-27,16,8,8,1,1,8,10,1,9.75
2014,6,2014-02-03,3,1,2,0.5,2,16,8,5,9.25
2014,7,2014-02-10,5,0,5,0,2,3,16,10,8
2014,8,2014-02-17,4,2,2,1,2,5,3,8,7
2014,9,2014-02-24,5,4,1,4,2,4,5,16,4.25
2014,10,2014-03-03,2,1,1,1,3,5,4,3,4
2014,11,2014-03-10,3,3,0,3,3,2,5,5,3.5
2014,12,2014-03-17,12,12,0,12,3,3,2,4,5.5
2014,13,2014-03-24,4,3,1,3,3,12,3,5,5.25
2014,14,2014-03-31,13,11,2,5.5,3,4,12,2,8
2014,15,2014-04-07,9,9,0,9,4,13,4,3,9.5
2014,16,2014-04-14,4,4,0,4,4,9,13,12,7.5
2014,17,2014-04-21,8,7,1,7,4,4,9,4,8.5
2014,18,2014-04-28,15,14,1,14,4,8,4,13,9
2014,19,2014-05-05,28,27,1,27,5,15,8,9,13.75
2014,20,2014-05-12,21,19,2,9.5,5,28,15,4,18
2014,21,2014-05-19,16,14,2,7,5,21,28,8,20
2014,22,2014-05-26,12,12,0,12,5,16,21,15,19.25
2014,23,2014-06-02,19,18,1,18,6,12,16,28,17
2014,24,2014-06-09,10,10,0,10,6,19,12,21,14.25
2014,25,2014-06-16,14,13,1,13,6,10,19,16,13.75
2014,26,2014-06-23,10,8,2,4,6,14,10,12,13.25
2014,27,2014-06-30,22,14,8,1.75,6,10,14,19,14
2014,28,2014-07-07,14,8,6,1.3333333333333333,7,22,10,10,15
2014,29,2014-07-14,20,7,13,0.5384615384615384,7,14,22,14,16.5
2014,30,2014-07-21,17,5,12,0.4166666666666667,7,20,14,10,18.25
2014,31,2014-07-28,2,2,0,2,7,17,20,22,13.25
2014,32,2014-08-04,21,10,11,0.9090909090909091,8,2,17,14,15
2014,33,2014-08-11,42,5,37,0.13513513513513514,8,21,2,20,20.5
2014,34,2014-08-18,28,6,22,0.2727272727272727,8,42,21,17,23.25
2014,35,2014-08-25,17,0,17,0,8,28,42,2,27
2014,36,2014-09-01,11,0,11,0,9,17,28,21,24.5
2014,37,2014-09-08,16,0,16,0,9,11,17,42,18
2014,38,2014-09-15,17,0,17,0,9,16,11,28,15.25
2014,39,2014-09-22,11,0,11,0,9,17,16,17,13.75
2014,40,2014-09-29,5,0,5,0,9,11,17,11,12.25
2014,41,2014-10-06,1,0,1,0,10,5,11,16,8.5
2014,42,2014-10-13,4,0,4,0,10,1,5,17,5.25
2014,43,2014-10-20,0,0,0,0,10,4,1,11,2.5
2014,44,2014-10-27,0,0,0,0,10,0,4,5,1.25
2014,45,2014-11-03,6,0,6,0,11,0,0,1,2.5
2014,46,2014-11-10,2,0,2,0,11,6,0,4,2
2014,47,2014-11-17,6,0,6,0,11,2,6,0,3.5
2014,48,2014-11-24,2,0,2,0,11,6,2,0,4
2014,49,2014-12-01,1,0,1,0,12,2,6,6,2.75
2014,50,2014-12-08,0,0,0,0,12,1,2,2,2.25
2014,51,2014-12-15,0,0,0,0,12,0,1,6,0.75
2015,2,2015-01-05,7,7,0,7,1,0,0,2,2
2015,3,2015-01-12,10,8,2,4,1,7,0,1,4.25
2015,4,2015-01-19,9,9,0,9,1,10,7,0,6.5
2015,5,2015-01-26,8,6,2,3,1,9,10,0,8.5
2015,6,2015-02-02,13,5,8,0.625,2,8,9,7,10
2015,7,2015-02-09,5,5,0,5,2,13,8,10,8.75
2015,8,2015-02-16,6,6,0,6,2,5,13,9,8
2015,9,2015-02-23,2,2,0,2,2,6,5,8,6.5
2015,10,2015-03-02,0,0,0,0,3,2,6,13,3.25
2015,11,2015-03-09,5,5,0,5,3,0,2,5,3.25
2015,12,2015-03-16,5,5,0,5,3,5,0,6,3
2015,13,2015-03-23,3,3,0,3,3,5,5,2,3.25
2015,14,2015-03-30,1,1,0,1,3,3,5,0,3.5
2015,15,2015-04-06,1,1,0,1,4,1,3,5,2.5
2015,16,2015-04-13,1,1,0,1,4,1,1,5,1.5
2015,17,2015-04-20,0,0,0,0,4,1,1,3,0.75
2015,18,2015-04-27,1,1,0,1,4,0,1,1,0.75
2015,19,2015-05-04,1,1,0,1,5,1,0,1,0.75
2015,20,2015-05-11,0,0,0,0,5,1,1,1,0.5
2015,21,2015-05-18,2,2,0,2,5,0,1,0,1
2015,22,2015-05-25,5,5,0,5,5,2,0,1,2
2015,23,2015-06-01,0,0,0,0,6,5,2,1,1.75
2015,24,2015-06-08,1,1,0,1,6,0,5,0,2
2015,25,2015-06-15,4,4,0,4,6,1,0,2,2.5
2015,26,2015-06-22,2,2,0,2,6,4,1,5,1.75
2015,27,2015-06-29,1,1,0,1,6,2,4,0,2
2015,28,2015-07-06,12,11,1,11,7,1,2,1,4.75
2015,29,2015-07-13,13,13,0,13,7,12,1,4,7
2015,30,2015-07-20,3,3,0,3,7,13,12,2,7.25
2015,31,2015-07-27,11,11,0,11,7,3,13,1,9.75
2015,32,2015-08-03,6,6,0,6,8,11,3,12,8.25
2015,33,2015-08-10,3,3,0,3,8,6,11,13,5.75
2015,34,2015-08-17,6,6,0,6,8,3,6,3,6.5
2015,35,2015-08-24,4,4,0,4,8,6,3,11,4.75
2015,36,2015-08-31,1,1,0,1,8,4,6,6,3.5
2015,37,2015-09-07,2,2,0,2,9,1,4,3,3.25
2015,38,2015-09-14,2,2,0,2,9,2,1,6,2.25
2015,39,2015-09-21,2,2,0,2,9,2,2,4,1.75
2015,40,2015-09-28,0,0,0,0,9,2,2,1,1.5
2015,41,2015-10-05,1,1,0,1,10,0,2,2,1.25
2015,42,2015-10-12,1,1,0,1,10,1,0,2,1
2015,43,2015-10-19,0,0,0,0,10,1,1,2,0.5
2015,44,2015-10-26,0,0,0,0,10,0,1,0,0.5
2015,45,2015-11-02,1,1,0,1,11,0,0,1,0.5
2015,46,2015-11-09,0,0,0,0,11,1,0,1,0.25
2015,47,2015-11-16,1,1,0,1,11,0,1,0,0.5
2015,48,2015-11-23,0,0,0,0,11,1,0,0,0.5
2015,49,2015-11-30,0,0,0,0,11,0,1,1,0.25
2015,50,2015-12-07,1,0,1,0,12,0,0,0,0.5
2015,51,2015-12-14,0,0,0,0,12,1,0,1,0.25
2015,52,2015-12-21,0,0,0,0,12,0,1,0,0.25
2015,53,2015-12-28,1,0,1,0,12,0,0,0,0.5
2016,1,2016-01-04,0,0,0,0,1,1,0,1,0.25
2016,2,2016-01-11,5,3,2,1.5,1,0,1,0,1.5
2016,3,2016-01-18,9,6,3,2,1,5,0,0,3.75
2016,4,2016-01-25,11,8,3,2.6666666666666665,1,9,5,1,6.25
2016,5,2016-02-01,7,4,3,1.3333333333333333,2,11,9,0,8
2016,6,2016-02-08,2,2,0,2,2,7,11,5,7.25
2016,7,2016-02-15,2,2,0,2,2,2,7,9,5.5
2016,8,2016-02-22,15,9,6,1.5,2,2,2,11,6.5
2016,9,2016-02-29,10,1,9,0.1111111111111111,2,15,2,7,7.25
2016,10,2016-03-07,6,3,3,1,3,10,15,2,8.25
2016,11,2016-03-14,11,2,9,0.2222222222222222,3,6,10,2,10.5
2016,12,2016-03-21,11,4,7,0.5714285714285714,3,11,6,15,9.5
2016,13,2016-03-28,4,0,4,0,3,11,11,10,8
2016,14,2016-04-04,5,0,5,0,4,4,11,6,7.75
2016,15,2016-04-11,1,0,1,0,4,5,4,11,5.25
2016,16,2016-04-18,3,2,1,2,4,1,5,11,3.25
2016,17,2016-04-25,2,0,2,0,4,3,1,4,2.75
2016,18,2016-05-02,4,0,4,0,5,2,3,5,2.5
2016,20,2016-05-16,0,0,0,0,5,4,2,1,2.25
2016,21,2016-05-23,0,0,0,0,5,0,4,3,1.5
2016,22,2016-05-30,1,0,1,0,5,0,0,2,1.25
2016,23,2016-06-06,1,0,1,0,6,1,0,4,0.5
2016,24,2016-06-13,1,0,1,0,6,1,1,0,0.75
2016,25,2016-06-20,1,1,0,1,6,1,1,0,1
2016,26,2016-06-27,2,0,2,0,6,1,1,1,1.25
2016,27,2016-07-04,3,0,3,0,7,2,1,1,1.75
2016,28,2016-07-11,8,3,5,0.6,7,3,2,1,3.5
2016,29,2016-07-18,19,4,15,0.26666666666666666,7,8,3,1,8
2016,30,2016-07-25,11,3,8,0.375,7,19,8,2,10.25
2016,31,2016-08-01,4,3,1,3,8,11,19,3,10.5
2016,32,2016-08-08,11,6,5,1.2,8,4,11,8,11.25
2016,33,2016-08-15,18,10,8,1.25,8,11,4,19,11
2016,34,2016-08-22,13,5,8,0.625,8,18,11,11,11.5
2016,35,2016-08-29,7,4,3,1.3333333333333333,8,13,18,4,12.25
2016,36,2016-09-05,13,5,8,0.625,9,7,13,11,12.75
2016,37,2016-09-12,2,1,1,1,9,13,7,18,8.75
2016,38,2016-09-19,15,7,8,0.875,9,2,13,13,9.25
2016,39,2016-09-26,7,2,5,0.4,9,15,2,7,9.25
2016,40,2016-10-03,3,1,2,0.5,10,7,15,13,6.75
2016,41,2016-10-10,2,0,2,0,10,3,7,2,6.75
2016,42,2016-10-17,1,0,1,0,10,2,3,15,3.25
2016,43,2016-10-24,0,0,0,0,10,1,2,7,1.5
2016,44,2016-10-31,0,0,0,0,10,0,1,3,0.75
2016,45,2016-11-07,0,0,0,0,11,0,0,2,0.25
2016,46,2016-11-14,2,0,2,0,11,0,0,1,0.5
2016,47,2016-11-21,0,0,0,0,11,2,0,0,0.5
2016,48,2016-11-28,1,0,1,0,11,0,2,0,0.75
2016,49,2016-12-05,1,0,1,0,12,1,0,0,1
2016,50,2016-12-12,4,0,4,0,12,1,1,2,1.5
2016,51,2016-12-19,0,0,0,0,12,4,1,0,1.5
2016,52,2016-12-26,0,0,0,0,12,0,4,1,1.25
2017,1,2017-01-02,0,0,0,0,1,0,0,1,1
2017,2,2017-01-09,2,1,1,1,1,0,0,4,0.5
2017,3,2017-01-16,0,0,0,0,1,2,0,0,0.5
2017,4,2017-01-23,2,0,2,0,1,0,2,0,1
2017,5,2017-01-30,2,0,2,0,1,2,0,0,1.5
2017,6,2017-02-06,0,0,0,0,2,2,2,2,1
2017,7,2017-02-13,0,0,0,0,2,0,2,0,1
2017,8,2017-02-20,1,0,1,0,2,0,0,2,0.75
2017,9,2017-02-27,1,0,1,0,2,1,0,2,0.5
2017,10,2017-03-06,0,0,0,0,3,1,1,0,0.5
2017,11,2017-03-13,2,1,1,1,3,0,1,0,1
2017,12,2017-03-20,1,0,1,0,3,2,0,1,1
2017,13,2017-03-27,4,3,1,3,3,1,2,1,1.75
2017,14,2017-04-03,3,2,1,2,4,4,1,0,2.5
2017,15,2017-04-10,2,2,0,2,4,3,4,2,2.5
2017,16,2017-04-17,0,0,0,0,4,2,3,1,2.25
2017,17,2017-04-24,0,0,0,0,4,0,2,4,1.25
2017,18,2017-05-01,0,0,0,0,5,0,0,3,0.5
2017,19,2017-05-08,0,0,0,0,5,0,0,2,0
2017,20,2017-05-15,0,0,0,0,5,0,0,0,0
2017,21,2017-05-22,1,0,1,0,5,0,0,0,0.25
2017,22,2017-05-29,1,1,0,1,5,1,0,0,0.5
2017,23,2017-06-05,5,5,0,5,6,1,1,0,1.75
2017,24,2017-06-12,6,6,0,6,6,5,1,0,3.25
2017,25,2017-06-19,11,9,2,4.5,6,6,5,1,5.75
2017,26,2017-06-26,7,6,1,6,6,11,6,1,7.25
2017,27,2017-07-03,5,5,0,5,7,7,11,5,7.25
2017,28,2017-07-10,13,10,3,3.3333333333333335,7,5,7,6,9
2017,29,2017-07-17,21,18,3,6,7,13,5,11,11.5
2017,30,2017-07-24,14,14,0,14,7,21,13,7,13.25
2017,31,2017-07-31,16,16,0,16,7,14,21,5,16
2017,32,2017-08-07,14,12,2,6,8,16,14,13,16.25
2017,33,2017-08-14,17,17,0,17,8,14,16,21,15.25
2017,34,2017-08-21,7,5,2,2.5,8,17,14,14,13.5
2017,35,2017-08-28,6,4,2,2,8,7,17,16,11
2017,36,2017-09-04,9,5,4,1.25,9,6,7,14,9.75
2017,37,2017-09-11,18,16,2,8,9,9,6,17,10
2017,38,2017-09-18,23,17,6,2.8333333333333335,9,18,9,7,14
2017,39,2017-09-25,6,5,1,5,9,23,18,6,14
2017,40,2017-10-02,12,6,6,1,10,6,23,9,14.75
2017,41,2017-10-09,8,3,5,0.6,10,12,6,18,12.25
2017,42,2017-10-16,1,1,0,1,10,8,12,23,6.75
2017,43,2017-10-23,8,5,3,1.6666666666666667,10,1,8,6,7.25
2017,44,2017-10-30,1,0,1,0,10,8,1,12,4.5
2017,45,2017-11-06,5,4,1,4,11,1,8,8,3.75
2017,46,2017-11-13,4,1,3,0.3333333333333333,11,5,1,1,4.5
2017,47,2017-11-20,4,2,2,1,11,4,5,8,3.5
2017,48,2017-11-27,0,0,0,0,11,4,4,1,3.25
2017,49,2017-12-04,1,0,1,0,12,0,4,5,2.25
2017,50,2017-12-11,4,0,4,0,12,1,0,4,2.25
2017,51,2017-12-18,0,0,0,0,12,4,1,4,1.25
2017,52,2017-12-25,0,0,0,0,12,0,4,0,1.25
2018,1,2018-01-01,0,0,0,0,1,0,0,1,1
2018,2,2018-01-08,3,0,3,0,1,0,0,4,0.75
2018,3,2018-01-15,1,0,1,0,1,3,0,0,1
2018,4,2018-01-22,0,0,0,0,1,1,3,0,1
2018,5,2018-01-29,5,1,4,0.25,1,0,1,0,2.25
2018,6,2018-02-05,1,1,0,1,2,5,0,3,1.75
2018,7,2018-02-12,1,0,1,0,2,1,5,1,1.75
2018,8,2018-02-19,5,0,5,0,2,1,1,0,3
2018,9,2018-02-26,0,0,0,0,2,5,1,5,1.75
2018,10,2018-03-05,1,0,1,0,3,0,5,1,1.75
2018,11,2018-03-12,1,1,0,1,3,1,0,1,1.75
2018,12,2018-03-19,0,0,0,0,3,1,1,5,0.5
2018,13,2018-03-26,0,0,0,0,3,0,1,0,0.5
2018,14,2018-04-02,0,0,0,0,4,0,0,1,0.25
2018,15,2018-04-09,0,0,0,0,4,0,0,1,0
2018,16,2018-04-16,0,0,0,0,4,0,0,0,0
2018,17,2018-04-23,0,0,0,0,4,0,0,0,0
2018,18,2018-04-30,0,0,0,0,4,0,0,0,0
2018,19,2018-05-07,0,0,0,0,5,0,0,0,0
2018,20,2018-05-14,0,0,0,0,5,0,0,0,0
2018,21,2018-05-21,0,0,0,0,5,0,0,0,0
2018,22,2018-05-28,1,1,0,1,5,0,0,0,0.25
2018,23,2018-06-04,1,1,0,1,6,1,0,0,0.5
2018,24,2018-06-11,3,3,0,3,6,1,1,0,1.25
2018,25,2018-06-18,2,2,0,2,6,3,1,0,1.75
2018,26,2018-06-25,4,4,0,4,6,2,3,1,2.5
2018,27,2018-07-02,8,8,0,8,7,4,2,1,4.25
2018,28,2018-07-09,7,7,0,7,7,8,4,3,5.25
2018,29,2018-07-16,6,6,0,6,7,7,8,2,6.25
2018,30,2018-07-23,26,26,0,26,7,6,7,4,11.75
2018,31,2018-07-30,20,20,0,20,7,26,6,8,14.75
2018,32,2018-08-06,27,25,2,12.5,8,20,26,7,19.75
2018,33,2018-08-13,9,9,0,9,8,27,20,6,20.5
2018,34,2018-08-20,9,8,1,8,8,9,27,26,16.25
2018,35,2018-08-27,2,1,1,1,8,9,9,20,11.75
2018,36,2018-09-03,9,7,2,3.5,9,2,9,27,7.25
2018,37,2018-09-10,2,2,0,2,9,9,2,9,5.5
2018,38,2018-09-17,4,0,4,0,9,2,9,9,4.25
2018,39,2018-09-24,2,0,2,0,9,4,2,2,4.25
2018,40,2018-10-01,2,2,0,2,10,2,4,9,2.5
2018,41,2018-10-08,3,3,0,3,10,2,2,2,2.75
2018,42,2018-10-15,4,3,1,3,10,3,2,4,2.75
2018,43,2018-10-22,0,0,0,0,10,4,3,2,2.25
2018,44,2018-10-29,1,0,1,0,10,0,4,2,2
2018,45,2018-11-05,2,1,1,1,11,1,0,3,1.75
2018,46,2018-11-12,3,2,1,2,11,2,1,4,1.5
2018,47,2018-11-19,11,4,7,0.5714285714285714,11,3,2,0,4.25
2018,48,2018-11-26,10,4,6,0.6666666666666666,11,11,3,1,6.5
2018,49,2018-12-03,8,0,8,0,12,10,11,2,8
2018,50,2018-12-10,12,0,12,0,12,8,10,3,10.25
2019,1,2018-12-31,20,10,10,1,12,12,8,11,12.5
2019,2,2019-01-07,42,21,21,1,1,20,12,10,20.5
2019,3,2019-01-14,39,20,19,1.0526315789473684,1,42,20,8,28.25
2019,4,2019-01-21,31,14,17,0.8235294117647058,1,39,42,12,33
2019,5,2019-01-28,32,12,20,0.6,1,31,39,20,36
2019,6,2019-02-04,11,4,7,0.5714285714285714,2,32,31,42,28.25
2019,7,2019-02-11,23,5,18,0.2777777777777778,2,11,32,39,24.25
2019,8,2019-02-18,19,6,13,0.46153846153846156,2,23,11,31,21.25
2019,9,2019-02-25,8,1,7,0.14285714285714285,2,19,23,32,15.25
2019,10,2019-03-04,8,2,6,0.3333333333333333,3,8,19,11,14.5
2019,11,2019-03-11,2,0,2,0,3,8,8,23,9.25
2019,12,2019-03-18,7,1,6,0.16666666666666666,3,2,8,19,6.25
2019,13,2019-03-25,1,0,1,0,3,7,2,8,4.5
2019,14,2019-04-01,1,0,1,0,4,1,7,8,2.75
2019,15,2019-04-08,2,1,1,1,4,1,1,2,2.75
2019,16,2019-04-15,0,0,0,0,4,2,1,7,1
2019,17,2019-04-22,1,1,0,1,4,0,2,1,1
2019,18,2019-04-29,1,1,0,1,4,1,0,1,1
2019,19,2019-05-06,3,1,2,0.5,5,1,1,2,1.25
2019,20,2019-05-13,0,0,0,0,5,3,1,0,1.25
2019,21,2019-05-20,2,1,1,1,5,0,3,1,1.5
2019,22,2019-05-27,4,0,4,0,5,2,0,1,2.25
2019,23,2019-06-03,0,0,0,0,6,4,2,3,1.5
2019,24,2019-06-10,2,0,2,0,6,0,4,0,2
2019,25,2019-06-17,4,0,4,0,6,2,0,2,2.5
2019,26,2019-06-24,3,2,1,2,6,4,2,4,2.25
2019,27,2019-07-01,2,0,2,0,7,3,4,0,2.75
2019,28,2019-07-08,4,1,3,0.3333333333333333,7,2,3,2,3.25
2019,29,2019-07-15,6,1,5,0.2,7,4,2,4,3.75
2019,30,2019-07-22,6,3,3,1,7,6,4,3,4.5
2019,31,2019-07-29,7,5,2,2.5,7,6,6,2,5.75
2019,32,2019-08-05,4,2,2,1,8,7,6,4,5.75
2019,33,2019-08-12,5,3,2,1.5,8,4,7,6,5.5
2019,34,2019-08-19,8,6,2,3,8,5,4,6,6
2019,35,2019-08-26,4,3,1,3,8,8,5,7,5.25
2019,36,2019-09-02,26,19,7,2.7142857142857144,9,4,8,4,10.75
2019,37,2019-09-09,21,20,1,20,9,26,4,5,14.75
2019,38,2019-09-16,14,9,5,1.8,9,21,26,8,16.25
2019,39,2019-09-23,18,16,2,8,9,14,21,4,19.75
2019,40,2019-09-30,26,24,2,12,9,18,14,26,19.75
2019,41,2019-10-07,40,35,5,7,10,26,18,21,24.5
2019,42,2019-10-14,33,31,2,15.5,10,40,26,14,29.25
2019,43,2019-10-21,18,16,2,8,10,33,40,18,29.25
2019,44,2019-10-28,21,18,3,6,10,18,33,26,28
2019,45,2019-11-04,14,13,1,13,11,21,18,40,21.5
2019,46,2019-11-11,9,8,1,8,11,14,21,33,15.5
2019,47,2019-11-18,23,19,4,4.75,11,9,14,18,16.75
2019,48,2019-11-25,22,22,0,22,11,23,9,21,17
2019,49,2019-12-02,5,5,0,5,12,22,23,14,14.75
2019,50,2019-12-09,2,2,0,2,12,5,22,9,13
2019,51,2019-12-16,4,3,1,3,12,2,5,23,8.25
2019,52,2019-12-23,4,4,0,4,12,4,2,22,3.75
2020,1,2019-12-30,0,0,0,0,12,4,4,5,2.5
2020,2,2020-01-06,1,0,1,0,1,0,4,2,2.25
2020,3,2020-01-13,5,3,2,1.5,1,1,0,4,2.5
2020,4,2020-01-20,21,14,7,2,1,5,1,4,6.75
2020,5,2020-01-27,9,9,0,9,1,21,5,0,9
2020,6,2020-02-03,5,5,0,5,2,9,21,1,10
2020,7,2020-02-10,5,3,2,1.5,2,5,9,5,10
2020,8,2020-02-17,4,3,1,3,2,5,5,21,5.75
2020,9,2020-02-24,0,0,0,0,2,4,5,9,3.5
2020,10,2020-03-02,1,1,0,1,3,0,4,5,2.5
2020,11,2020-03-09,1,0,1,0,3,1,0,5,1.5
2020,12,2020-03-16,0,0,0,0,3,1,1,4,0.5
2020,13,2020-03-23,0,0,0,0,3,0,1,0,0.5
2020,14,2020-03-30,0,0,0,0,3,0,0,1,0.25
2020,15,2020-04-06,0,0,0,0,4,0,0,1,0
2020,16,2020-04-13,0,0,0,0,4,0,0,0,0
2020,17,2020-04-20,0,0,0,0,4,0,0,0,0
2020,18,2020-04-27,0,0,0,0,4,0,0,0,0
2020,19,2020-05-04,0,0,0,0,5,0,0,0,0
2020,20,2020-05-11,0,0,0,0,5,0,0,0,0
2020,21,2020-05-18,0,0,0,0,5,0,0,0,0
2020,22,2020-05-25,0,0,0,0,5,0,0,0,0
2020,23,2020-06-01,0,0,0,0,6,0,0,0,0
2020,24,2020-06-08,0,0,0,0,6,0,0,0,0
2020,25,2020-06-15,0,0,0,0,6,0,0,0,0
2020,26,2020-06-22,0,0,0,0,6,0,0,0,0
2020,27,2020-06-29,0,0,0,0,6,0,0,0,0
2020,28,2020-07-06,0,0,0,0,7,0,0,0,0
2020,29,2020-07-13,0,0,0,0,7,0,0,0,0
2020,30,2020-07-20,0,0,0,0,7,0,0,0,0
2020,31,2020-07-27,0,0,0,0,7,0,0,0,0
2020,32,2020-08-03,0,0,0,0,8,0,0,0,0
2020,33,2020-08-10,0,0,0,0,8,0,0,0,0
2020,34,2020-08-17,0,0,0,0,8,0,0,0,0
2020,35,2020-08-24,0,0,0,0,8,0,0,0,0
2020,36,2020-08-31,0,0,0,0,8,0,0,0,0
2020,37,2020-09-07,0,0,0,0,9,0,0,0,0
2020,38,2020-09-14,0,0,0,0,9,0,0,0,0
2020,39,2020-09-21,0,0,0,0,9,0,0,0,0
2020,40,2020-09-28,0,0,0,0,9,0,0,0,0
2020,41,2020-10-05,0,0,0,0,10,0,0,0,0
2020,42,2020-10-12,0,0,0,0,10,0,0,0,0
2020,43,2020-10-19,0,0,0,0,10,0,0,0,0
2020,44,2020-10-26,0,0,0,0,10,0,0,0,0
2020,45,2020-11-02,0,0,0,0,11,0,0,0,0
2020,46,2020-11-09,0,0,0,0,11,0,0,0,0
2020,47,2020-11-16,0,0,0,0,11,0,0,0,0
2020,48,2020-11-23,0,0,0,0,11,0,0,0,0
2020,49,2020-11-30,0,0,0,0,11,0,0,0,0
2020,50,2020-12-07,0,0,0,0,12,0,0,0,0
2020,51,2020-12-14,0,0,0,0,12,0,0,0,0
2021,1,2021-01-04,0,0,0,0,1,0,0,0,0
2021,2,2021-01-11,0,0,0,0,1,0,0,0,0
2021,3,2021-01-18,0,0,0,0,1,0,0,0,0
2021,4,2021-01-25,0,0,0,0,1,0,0,0,0
2021,5,2021-02-01,0,0,0,0,2,0,0,0,0
2021,6,2021-02-08,0,0,0,0,2,0,0,0,0
2021,7,2021-02-15,0,0,0,0,2,0,0,0,0
2021,8,2021-02-22,0,0,0,0,2,0,0,0,0
2021,9,2021-03-01,0,0,0,0,3,0,0,0,0
2021,10,2021-03-08,0,0,0,0,3,0,0,0,0
2021,11,2021-03-15,0,0,0,0,3,0,0,0,0
2021,12,2021-03-22,0,0,0,0,3,0,0,0,0
2021,13,2021-03-29,0,0,0,0,3,0,0,0,0
2021,14,2021-04-05,0,0,0,0,4,0,0,0,0
2021,15,2021-04-12,0,0,0,0,4,0,0,0,0
2021,16,2021-04-19,0,0,0,0,4,0,0,0,0
2021,17,2021-04-26,0,0,0,0,4,0,0,0,0
2021,18,2021-05-03,0,0,0,0,5,0,0,0,0
2021,19,2021-05-10,1,1,0,1,5,0,0,0,0.25
2021,20,2021-05-17,2,0,2,0,5,1,0,0,0.75
2021,21,2021-05-24,2,1,1,1,5,2,1,0,1.25
2021,22,2021-05-31,1,0,1,0,5,2,2,0,1.5
2021,23,2021-06-07,4,1,3,0.3333333333333333,6,1,2,1,2.25
2021,24,2021-06-14,4,1,3,0.3333333333333333,6,4,1,2,2.75
2021,25,2021-06-21,7,4,3,1.3333333333333333,6,4,4,2,4
2021,26,2021-06-28,4,2,2,1,6,7,4,1,4.75
2021,27,2021-07-05,9,5,4,1.25,7,4,7,4,6
2021,28,2021-07-12,7,7,0,7,7,9,4,4,6.75
2021,29,2021-07-19,4,2,2,1,7,7,9,7,6
2021,30,2021-07-26,1,0,1,0,7,4,7,4,5.25
2021,31,2021-08-02,4,3,1,3,8,1,4,9,4
2021,32,2021-08-09,7,6,1,6,8,4,1,7,4
2021,33,2021-08-16,5,5,0,5,8,7,4,4,4.25
2021,34,2021-08-23,5,3,2,1.5,8,5,7,1,5.25
2021,35,2021-08-30,5,5,0,5,8,5,5,4,5.5
2021,36,2021-09-06,1,1,0,1,9,5,5,7,4
2021,37,2021-09-13,3,2,1,2,9,1,5,5,3.5
2021,38,2021-09-20,1,0,1,0,9,3,1,5,2.5
2021,39,2021-09-27,0,0,0,0,9,1,3,5,1.25
2021,40,2021-10-04,0,0,0,0,10,0,1,1,1
2021,41,2021-10-11,0,0,0,0,10,0,0,3,0.25
2021,42,2021-10-18,0,0,0,0,10,0,0,1,0
2021,43,2021-10-25,0,0,0,0,10,0,0,0,0
2021,44,2021-11-01,5,5,0,5,11,0,0,0,1.25
2021,45,2021-11-08,1,1,0,1,11,5,0,0,1.5
2021,46,2021-11-15,2,2,0,2,11,1,5,0,2
2021,47,2021-11-22,2,2,0,2,11,2,1,0,2.5
2021,48,2021-11-29,2,2,0,2,11,2,2,5,1.75
2021,49,2021-12-06,1,1,0,1,12,2,2,1,1.75
2021,50,2021-12-13,7,2,5,0.4,12,1,2,2,3
2021,51,2021-12-20,2,1,1,1,12,7,1,2,3
2021,52,2021-12-27,6,6,0,6,12,2,7,2,4
2022,1,2022-01-03,2,2,0,2,1,6,2,1,4.25
2022,2,2022-01-10,1,1,0,1,1,2,6,7,2.75
2022,3,2022-01-17,5,5,0,5,1,1,2,2,3.5
2022,4,2022-01-24,4,4,0,4,1,5,1,6,3
2022,5,2022-01-31,3,3,0,3,1,4,5,2,3.25
2022,6,2022-02-07,1,1,0,1,2,3,4,1,3.25
2022,7,2022-02-14,0,0,0,0,2,1,3,5,2
2022,8,2022-02-21,0,0,0,0,2,0,1,4,1
2022,9,2022-02-28,0,0,0,0,2,0,0,3,0.25
2022,10,2022-03-07,0,0,0,0,3,0,0,1,0
2022,11,2022-03-14,0,0,0,0,3,0,0,0,0
2022,12,2022-03-21,0,0,0,0,3,0,0,0,0
2022,13,2022-03-28,0,0,0,0,3,0,0,0,0
2022,14,2022-04-04,0,0,0,0,4,0,0,0,0
2022,15,2022-04-11,0,0,0,0,4,0,0,0,0
2022,16,2022-04-18,0,0,0,0,4,0,0,0,0
2022,17,2022-04-25,0,0,0,0,4,0,0,0,0
2022,18,2022-05-02,0,0,0,0,5,0,0,0,0
2022,19,2022-05-09,0,0,0,0,5,0,0,0,0
2022,20,2022-05-16,0,0,0,0,5,0,0,0,0
2022,21,2022-05-23,1,1,0,1,5,0,0,0,0.25
2022,22,2022-05-30,0,0,0,0,5,1,0,0,0.25
2022,23,2022-06-06,0,0,0,0,6,0,1,0,0.25
2022,24,2022-06-13,0,0,0,0,6,0,0,0,0.25
2022,25,2022-06-20,4,4,0,4,6,0,0,1,1
2022,26,2022-06-27,2,2,0,2,6,4,0,0,1.5
2022,27,2022-07-04,1,1,0,1,7,2,4,0,1.75
2022,28,2022-07-11,0,0,0,0,7,1,2,0,1.75
2022,29,2022-07-18,4,4,0,4,7,0,1,4,1.75
2022,30,2022-07-25,3,3,0,3,7,4,0,2,2
2022,31,2022-08-01,10,10,0,10,8,3,4,1,4.25
2022,32,2022-08-08,15,14,1,14,8,10,3,0,8
2022,33,2022-08-15,12,12,0,12,8,15,10,4,10
2022,34,2022-08-22,11,10,1,10,8,12,15,3,12
2022,35,2022-08-29,22,20,2,10,8,11,12,10,15
2022,36,2022-09-05,17,16,1,16,9,22,11,15,15.5
2022,37,2022-09-12,20,19,1,19,9,17,22,12,17.5
2022,38,2022-09-19,21,20,1,20,9,20,17,11,20
2022,39,2022-09-26,11,10,1,10,9,21,20,22,17.25
2022,40,2022-10-03,10,10,0,10,10,11,21,17,15.5
2022,41,2022-10-10,10,9,1,9,10,10,11,20,13
2022,42,2022-10-17,2,1,1,1,10,10,10,21,8.25
2022,43,2022-10-24,6,4,2,2,10,2,10,11,7
2022,44,2022-10-31,9,7,2,3.5,10,6,2,10,6.75
2022,45,2022-11-07,5,5,0,5,11,9,6,10,5.5
2022,46,2022-11-14,11,7,4,1.75,11,5,9,2,7.75
2022,47,2022-11-21,3,2,1,2,11,11,5,6,7
2022,48,2022-11-28,8,4,4,1,11,3,11,9,6.75
2022,49,2022-12-05,7,2,5,0.4,12,8,3,5,7.25
2022,50,2022-12-12,12,3,9,0.3333333333333333,12,7,8,11,7.5
2022,51,2022-12-19,5,1,4,0.25,12,12,7,3,8
2022,52,2022-12-26,2,0,2,0,12,5,12,8,6.5
2023,1,2023-01-02,5,0,5,0,1,2,5,7,6
2023,2,2023-01-09,7,1,6,0.16666666666666666,1,5,2,12,4.75
2023,3,2023-01-16,6,4,2,2,1,7,5,5,5
2023,4,2023-01-23,4,1,3,0.3333333333333333,1,6,7,2,5.5
2023,5,2023-01-30,0,0,0,0,1,4,6,5,4.25
2023,6,2023-02-06,0,0,0,0,2,0,4,7,2.5
2023,7,2023-02-13,4,2,2,1,2,0,0,6,2
2023,8,2023-02-20,6,5,1,5,2,4,0,4,2.5
2023,9,2023-02-27,6,6,0,6,2,6,4,0,4
2023,10,2023-03-06,11,5,6,0.8333333333333334,3,6,6,0,6.75
2023,11,2023-03-13,9,5,4,1.25,3,11,6,4,8
2023,12,2023-03-20,5,2,3,0.6666666666666666,3,9,11,6,7.75
2023,13,2023-03-27,9,7,2,3.5,3,5,9,6,8.5
2023,14,2023-04-03,2,1,1,1,4,9,5,11,6.25
2023,15,2023-04-10,6,6,0,6,4,2,9,9,5.5
2023,16,2023-04-17,2,1,1,1,4,6,2,5,4.75
2023,17,2023-04-24,2,0,2,0,4,2,6,9,3
2023,18,2023-05-01,6,5,1,5,5,2,2,2,4
2023,19,2023-05-08,13,13,0,13,5,6,2,6,5.75
2023,20,2023-05-15,8,6,2,3,5,13,6,2,7.25
2023,21,2023-05-22,16,15,1,15,5,8,13,2,10.75
2023,22,2023-05-29,21,16,5,3.2,5,16,8,6,14.5
2023,23,2023-06-05,30,30,0,30,6,21,16,13,18.75
2023,24,2023-06-12,15,15,0,15,6,30,21,8,20.5
2023,25,2023-06-19,25,22,3,7.333333333333333,6,15,30,16,22.75
2023,26,2023-06-26,24,23,1,23,6,25,15,21,23.5
2023,27,2023-07-03,16,14,2,7,7,24,25,30,20
2023,28,2023-07-10,18,16,2,8,7,16,24,15,20.75
2023,29,2023-07-17,5,4,1,4,7,18,16,25,15.75
2023,30,2023-07-24,12,7,5,1.4,7,5,18,24,12.75
2023,31,2023-07-31,2,1,1,1,7,12,5,16,9.25
2023,32,2023-08-07,8,5,3,1.6666666666666667,8,2,12,18,6.75
2023,33,2023-08-14,7,4,3,1.3333333333333333,8,8,2,5,7.25
2023,34,2023-08-21,8,3,5,0.6,8,7,8,12,6.25
2023,35,2023-08-28,13,6,7,0.8571428571428571,8,8,7,2,9
2023,36,2023-09-04,20,10,10,1,9,13,8,8,12
2023,37,2023-09-11,23,11,12,0.9166666666666666,9,20,13,7,16
2023,38,2023-09-18,22,7,15,0.4666666666666667,9,23,20,8,19.5
2023,39,2023-09-25,29,13,16,0.8125,9,22,23,13,23.5
2023,40,2023-10-02,20,13,7,1.8571428571428572,10,29,22,20,23.5
2023,41,2023-10-09,19,12,7,1.7142857142857142,10,20,29,23,22.5
2023,42,2023-10-16,29,21,8,2.625,10,19,20,22,24.25
2023,43,2023-10-23,38,27,11,2.4545454545454546,10,29,19,29,26.5
2023,44,2023-10-30,25,20,5,4,10,38,29,20,27.75
2023,45,2023-11-06,21,11,10,1.1,11,25,38,19,28.25
2023,46,2023-11-13,27,21,6,3.5,11,21,25,29,27.75
2023,47,2023-11-20,17,10,7,1.4285714285714286,11,27,21,38,22.5
2023,48,2023-11-27,15,14,1,14,11,17,27,25,20
2023,49,2023-12-04,17,13,4,3.25,12,15,17,21,19
2023,50,2023-12-11,10,6,4,1.5,12,17,15,27,14.75
2023,51,2023-12-18,10,9,1,9,12,10,17,17,13
2023,52,2023-12-25,15,12,3,4,12,10,10,15,13
2024,1,2024-01-01,12,11,1,11,1,15,10,17,11.75
2024,2,2024-01-08,11,8,3,2.6666666666666665,1,12,15,10,12
2024,3,2024-01-15,6,6,0,6,1,11,12,10,11
2024,4,2024-01-22,6,6,0,6,1,6,11,15,8.75
2024,5,2024-01-29,6,6,0,6,1,6,6,12,7.25
2024,6,2024-02-05,5,4,1,4,2,6,6,11,5.75
2024,7,2024-02-12,3,0,3,0,2,5,6,6,5
2024,8,2024-02-19,0,0,0,0,2,3,5,6,3.5
2024,9,2024-02-26,1,1,0,1,2,0,3,6,2.25
2024,10,2024-03-04,2,1,1,1,3,1,0,5,1.5
2024,11,2024-03-11,1,1,0,1,3,2,1,3,1
2024,12,2024-03-18,1,1,0,1,3,1,2,0,1.25
2024,13,2024-03-25,5,4,1,4,3,1,1,1,2.25
2024,14,2024-04-01,2,1,1,1,4,5,1,2,2.25
2024,15,2024-04-08,1,1,0,1,4,2,5,1,2.25
2024,16,2024-04-15,0,0,0,0,4,1,2,1,2
2024,17,2024-04-22,3,3,0,3,4,0,1,5,1.5
2024,18,2024-04-29,0,0,0,0,4,3,0,2,1
2024,19,2024-05-06,1,0,1,0,5,0,3,1,1
2024,20,2024-05-13,0,0,0,0,5,1,0,0,1
2024,21,2024-05-20,0,0,0,0,5,0,1,3,0.25
2024,22,2024-05-27,2,2,0,2,5,0,0,0,0.75
2024,23,2024-06-03,5,5,0,5,6,2,0,1,1.75
2024,24,2024-06-10,5,5,0,5,6,5,2,0,3
2024,25,2024-06-17,2,2,0,2,6,5,5,0,3.5
2024,26,2024-06-24,12,11,1,11,6,2,5,2,6
2024,27,2024-07-01,10,10,0,10,7,12,2,5,7.25
2024,28,2024-07-08,29,29,0,29,7,10,12,5,13.25
2024,29,2024-07-15,28,27,1,27,7,29,10,2,19.75
2024,30,2024-07-22,16,16,0,16,7,28,29,12,20.75
2024,31,2024-07-29,34,34,0,34,7,16,28,10,26.75
2024,32,2024-08-05,53,53,0,53,8,34,16,29,32.75
2024,33,2024-08-12,45,42,3,14,8,53,34,28,37
2024,34,2024-08-19,36,35,1,35,8,45,53,16,42
2024,35,2024-08-26,28,28,0,28,8,36,45,34,40.5
2024,36,2024-09-02,26,26,0,26,9,28,36,53,33.75
2024,37,2024-09-09,24,24,0,24,9,26,28,45,28.5
2024,38,2024-09-16,27,23,4,5.75,9,24,26,36,26.25
2024,39,2024-09-23,28,24,4,6,9,27,24,28,26.25
2024,40,2024-09-30,17,17,0,17,9,28,27,26,24
2024,41,2024-10-07,14,11,3,3.6666666666666665,10,17,28,24,21.5
2024,42,2024-10-14,14,12,2,6,10,14,17,27,18.25
2024,43,2024-10-21,12,9,3,3,10,14,14,28,14.25
2024,44,2024-10-28,15,8,7,1.1428571428571428,10,12,14,17,13.75
2024,45,2024-11-04,10,1,9,0.1111111111111111,11,15,12,14,12.75
2024,46,2024-11-11,14,5,9,0.5555555555555556,11,10,15,14,12.75
2024,47,2024-11-18,12,6,6,1,11,14,10,12,12.75
2024,48,2024-11-25,14,1,13,0.07692307692307693,11,12,14,15,12.5
2024,49,2024-12-02,12,1,11,0.09090909090909091,12,14,12,10,13
2024,50,2024-12-09,12,2,10,0.2,12,12,14,14,12.5
2024,51,2024-12-16,5,2,3,0.6666666666666666,12,12,12,12,10.75
2024,52,2024-12-23,3,0,3,0,12,5,12,14,8
2025,1,2024-12-30,9,3,6,0.5,12,3,5,12,7.25
2025,2,2025-01-06,13,4,9,0.4444444444444444,1,9,3,12,7.5
2025,3,2025-01-13,18,10,8,1.25,1,13,9,5,10.75
2025,4,2025-01-20,12,3,9,0.3333333333333333,1,18,13,3,13
2025,5,2025-01-27,13,3,10,0.3,1,12,18,9,14
2025,6,2025-02-03,14,3,11,0.2727272727272727,2,13,12,13,14.25
2025,7,2025-02-10,10,4,6,0.6666666666666666,2,14,13,18,12.25
2025,8,2025-02-17,13,8,5,1.6,2,10,14,12,12.5
2025,9,2025-02-24,11,3,8,0.375,2,13,10,13,12
2025,10,2025-03-03,15,6,9,0.6666666666666666,3,11,13,14,12.25
2025,11,2025-03-10,9,4,5,0.8,3,15,11,10,12
2025,12,2025-03-17,12,7,5,1.4,3,9,15,13,11.75
2025,13,2025-03-24,11,10,1,10,3,12,9,11,11.75
2025,14,2025-03-31,11,8,3,2.6666666666666665,3,11,12,15,10.75
2025,15,2025-04-07,6,6,0,6,4,11,11,9,10
2025,16,2025-04-14,3,2,1,2,4,6,11,12,7.75
2025,17,2025-04-21,7,3,4,0.75,4,3,6,11,6.75
2025,18,2025-04-28,17,8,9,0.8888888888888888,4,7,3,11,8.25
2025,19,2025-05-05,1,1,0,1,5,17,7,6,7
2025,20,2025-05-12,2,2,0,2,5,1,17,3,6.75
2025,21,2025-05-19,6,5,1,5,5,2,1,7,6.5
2025,22,2025-05-26,9,9,0,9,5,6,2,17,4.5
2025,23,2025-06-02,9,8,1,8,6,9,6,1,6.5
2025,24,2025-06-09,9,9,0,9,6,9,9,2,8.25
2025,25,2025-06-16,6,6,0,6,6,9,9,6,8.25
2025,26,2025-06-23,6,6,0,6,6,6,9,9,7.5
2025,27,2025-06-30,14,13,1,13,6,6,6,9,8.75
2025,28,2025-07-07,22,21,1,21,7,14,6,9,12
2025,29,2025-07-14,13,13,0,13,7,22,14,6,13.75
2025,30,2025-07-21,13,13,0,13,7,13,22,6,15.5
2025,31,2025-07-28,21,21,0,21,7,13,13,14,17.25
2025,32,2025-08-04,29,29,0,29,8,21,13,22,19
2025,33,2025-08-11,46,45,1,45,8,29,21,13,27.25
2025,34,2025-08-18,32,31,1,31,8,46,29,13,32
2025,35,2025-08-25,21,21,0,21,8,32,46,21,32
2025,36,2025-09-01,24,24,0,24,9,21,32,29,30.75
2025,37,2025-09-08,18,17,1,17,9,24,21,46,23.75
2025,38,2025-09-15,17,16,1,16,9,18,24,32,20
2025,39,2025-09-22,17,17,0,17,9,17,18,21,19
2025,40,2025-09-29,18,16,2,8,9,17,17,24,17.5
2025,41,2025-10-06,15,15,0,15,10,18,17,18,16.75
2025,42,2025-10-13,45,44,1,44,10,15,18,17,23.75
2025,43,2025-10-20,94,93,1,93,10,45,15,17,43
2025,44,2025-10-27,82,80,2,40,10,94,45,18,59
2025,45,2025-11-03,44,44,0,44,11,82,94,15,66.25
2025,46,2025-11-10,34,32,2,16,11,44,82,45,63.5
2025,47,2025-11-17,39,39,0,39,11,34,44,94,49.75
2025,48,2025-11-24,29,25,4,6.25,11,39,34,82,36.5
2025,49,2025-12-01,17,17,0,17,12,29,39,44,29.75
2025,50,2025-12-08,18,17,1,17,12,17,29,34,25.75
2025,51,2025-12-15,15,7,8,0.875,12,18,17,39,19.75
2025,52,2025-12-22,6,3,3,1,12,15,18,29,14
2026,1,2025-12-29,5,3,2,1.5,12,6,15,17,11
2026,2,2026-01-05,6,2,4,0.5,1,5,6,18,8
2026,3,2026-01-12,3,1,2,0.5,1,6,5,15,5
2026,4,2026-01-19,8,1,7,0.14285714285714285,1,3,6,6,5.5
2026,5,2026-01-26,3,0,3,0,1,8,3,5,5
2026,6,2026-02-02,3,1,2,0.5,2,3,8,6,4.25
2026,7,2026-02-09,4,0,4,0,2,3,3,3,4.5
2026,8,2026-02-16,2,0,2,0,2,4,3,8,3
2026,9,2026-02-23,1,0,1,0,2,2,4,3,2.5
2026,10,2026-03-02,4,2,2,1,3,1,2,3,2.75
2026,11,2026-03-09,1,0,1,0,3,4,1,4,2
2026,12,2026-03-16,3,0,3,0,3,1,4,2,2.25
2026,13,2026-03-23,2,0,2,0,3,3,1,1,2.5
2026,14,2026-03-30,5,0,5,0,3,2,3,4,2.75
2026,15,2026-04-06,2,0,2,0,4,5,2,1,3
2026,16,2026-04-13,4,0,4,0,4,2,5,3,3.25
2026,17,2026-04-20,1,0,1,0,4,4,2,2,3
2026,18,2026-04-27,0,0,0,0,4,1,4,5,1.75
2026,19,2026-05-04,1,0,1,0,5,0,1,2,1.5
2026,20,2026-05-11,0,0,0,0,5,1,0,4,0.5
2026,21,2026-05-18,0,0,0,0,5,0,1,1,0.25
